{
  "mean": [
    103693252.92868201,
    14.747601194072079,
    1052.3186239337922,
    42.30768557729659,
    0.37646966369281365,
    0.7985482469360743,
    0.8516337542782861,
    0.3818130733725893
  ],
  "std": [
    390796828.22223765,
    15.809627195467522,
    3320.3989171817348,
    48.71366133119748,
    0.19368609272742643,
    0.24909917636778398,
    0.2096167608566068,
    0.31413286407998303
  ]
}