{
  "oakbat": {
    "iq_magnitude": {
      "dataset": "oakbat",
      "mean": 2301.220458984375,
      "std": 1202.3878173828125,
      "min": 1.0,
      "max": 10064.1103515625,
      "p01": 261.0306396484375,
      "p99": 5568.5361328125
    },
    "spectrogram_raw": {
      "dataset": "oakbat",
      "mean": 43.339698791503906,
      "std": 1.5976248979568481,
      "min": 34.05054473876953,
      "max": 50.000179290771484,
      "p01": 39.25819778442383,
      "p99": 46.96015167236328
    },
    "spectrogram_normalised": {
      "dataset": "oakbat",
      "mean": 0.7574766278266907,
      "std": 0.12397261708974838,
      "min": 0.036656200885772705,
      "max": 1.2743171453475952,
      "p01": 0.4407600164413452,
      "p99": 1.038416862487793
    },
    "features_raw_mean": [
      6741352.5,
      11.988363265991211,
      0.0,
      3.0586535930633545,
      0.5408990979194641,
      0.9595721364021301,
      0.9342861175537109,
      0.13327808678150177
    ],
    "features_raw_std": [
      26936.787109375,
      1.203721284866333,
      0.0,
      0.4625501334667206,
      0.0027714064344763756,
      0.0006678520003333688,
      0.000781191629357636,
      0.0023906538262963295
    ],
    "features_normed_mean": [
      0.2959781885147095,
      -0.1863703727722168,
      -0.3325234651565552,
      -0.7455068826675415,
      0.865601658821106,
      0.6243921518325806,
      0.2911834418773651,
      -0.8426550030708313
    ],
    "features_normed_std": [
      0.005118880420923233,
      0.07470531016588211,
      2.682209014892578e-07,
      0.011205969378352165,
      0.015954919159412384,
      0.00306296325288713,
      0.004641943145543337,
      0.008407209999859333
    ]
  },
  "texbat": {
    "iq_magnitude": {
      "dataset": "texbat",
      "mean": 2538.4931640625,
      "std": 1322.6724853515625,
      "min": 0.07842646539211273,
      "max": 12705.86328125,
      "p01": 288.0963134765625,
      "p99": 6118.6357421875
    },
    "spectrogram_raw": {
      "dataset": "texbat",
      "mean": 43.814979553222656,
      "std": 2.3154549598693848,
      "min": 34.009796142578125,
      "max": 52.24711608886719,
      "p01": 38.991851806640625,
      "p99": 49.42814254760742
    },
    "spectrogram_normalised": {
      "dataset": "texbat",
      "mean": 0.7943575978279114,
      "std": 0.17967484891414642,
      "min": 0.03349418565630913,
      "max": 1.4486751556396484,
      "p01": 0.42009201645851135,
      "p99": 1.2299282550811768
    },
    "features_raw_mean": [
      8193406.5,
      11.869053840637207,
      0.0,
      7.589000701904297,
      0.4851255714893341,
      0.9467988610267639,
      0.9557798504829407,
      0.2949415445327759
    ],
    "features_raw_std": [
      32094.736328125,
      1.5164912939071655,
      0.0,
      1.7477630376815796,
      0.004325401037931442,
      0.0015508782817050815,
      0.0005164638860151172,
      0.002515378873795271
    ],
    "features_normed_mean": [
      0.5719169974327087,
      -0.19377487897872925,
      -0.3325234651565552,
      -0.635752260684967,
      0.5445147752761841,
      0.5658104419708252,
      0.41890063881874084,
      -0.2741333842277527
    ],
    "features_normed_std": [
      0.006099061109125614,
      0.09411642700433731,
      2.682209014892578e-07,
      0.04234218969941139,
      0.024901239201426506,
      0.0071127889677882195,
      0.0030688957776874304,
      0.008845830336213112
    ]
  }
}